{"eval/samples_per_second":2.243,"train_runtime":1940.7738,"train_samples_per_second":0.573,"_step":20,"total_flos":3.888325225296691e+16,"train/learning_rate":1.3479116011769767e-07,"train_steps_per_second":0.073,"eval/loss":0.2341817319393158,"_timestamp":1.7556983977544475e+09,"train/epoch":3,"eval/runtime":35.6631,"train_loss":0.35020325898278687,"_runtime":1977,"train/global_step":141,"eval/steps_per_second":2.243,"_wandb":{"runtime":1977},"train/grad_norm":0.33069008588790894,"train/loss":0.1761}