{"_runtime":2839,"train/epoch":3,"_step":20,"train_steps_per_second":0.051,"train_loss":0.5807926111610223,"train_samples_per_second":0.405,"train/loss":0.3304,"train/learning_rate":8.264462809917356e-07,"train/grad_norm":0.37987199425697327,"train_runtime":2783.5959,"_wandb":{"runtime":2839},"eval/samples_per_second":1.485,"eval/runtime":54.554,"train/global_step":141,"_timestamp":1.7556912472050412e+09,"eval/loss":0.37380510568618774,"eval/steps_per_second":1.485,"total_flos":3.923877977653248e+16}