{"train_steps_per_second":0.077,"train_loss":0.5603490276978567,"train_runtime":1343.1135,"train_samples_per_second":0.611,"_wandb":{"runtime":1362},"train/global_step":104,"train/grad_norm":0.33703282475471497,"eval/samples_per_second":2.329,"total_flos":2.864714002464768e+16,"train/loss":0.2549,"_step":13,"_runtime":1362,"train/learning_rate":9.259259259259259e-06,"train/epoch":4,"eval/runtime":18.8959,"eval/steps_per_second":2.329,"_timestamp":1.755626143136877e+09,"eval/loss":0.29498571157455444}